"data","kintamasis","prognoze","modelis"
2016-04-25,"FOODS_1",3094.73608386006,"prophet"
2016-04-26,"FOODS_1",3129.00372031293,"prophet"
2016-04-27,"FOODS_1",3258.80235324023,"prophet"
2016-04-28,"FOODS_1",3178.8833675766,"prophet"
2016-04-29,"FOODS_1",3163.84281615285,"prophet"
2016-04-30,"FOODS_1",3086.45688038522,"prophet"
2016-05-01,"FOODS_1",3146.94912296642,"prophet"
2016-05-02,"FOODS_1",3154.64188931664,"prophet"
2016-05-03,"FOODS_1",3182.99420498067,"prophet"
2016-05-04,"FOODS_1",3205.52145210074,"prophet"
2016-05-05,"FOODS_1",3162.49289942586,"prophet"
2016-05-06,"FOODS_1",3096.29098053415,"prophet"
2016-05-07,"FOODS_1",3093.2423728962,"prophet"
2016-05-08,"FOODS_1",3138.13516094769,"prophet"
2016-05-09,"FOODS_1",3291.92190458469,"prophet"
2016-05-10,"FOODS_1",3190.79325831078,"prophet"
2016-05-11,"FOODS_1",3165.69572252529,"prophet"
2016-05-12,"FOODS_1",3078.96607642424,"prophet"
2016-05-13,"FOODS_1",3152.85031326815,"prophet"
2016-05-14,"FOODS_1",3170.51392014279,"prophet"
2016-05-15,"FOODS_1",3199.43114406767,"prophet"
2016-05-16,"FOODS_1",3202.32088778614,"prophet"
2016-05-17,"FOODS_1",3173.78499842474,"prophet"
2016-05-18,"FOODS_1",3137.25292822777,"prophet"
2016-05-19,"FOODS_1",3132.77158370469,"prophet"
2016-05-20,"FOODS_1",3146.63829843543,"prophet"
2016-05-21,"FOODS_1",3226.79650948468,"prophet"
2016-05-22,"FOODS_1",3187.72311780439,"prophet"
2016-04-25,"FOODS_2",5366.43201706876,"arimad"
2016-04-26,"FOODS_2",4823.72935694177,"arimad"
2016-04-27,"FOODS_2",4585.74719227212,"arimad"
2016-04-28,"FOODS_2",4558.69067044799,"arimad"
2016-04-29,"FOODS_2",4638.56192927716,"arimad"
2016-04-30,"FOODS_2",6105.4723563252,"arimad"
2016-05-01,"FOODS_2",6954.34893552031,"arimad"
2016-05-02,"FOODS_2",6541.04566808795,"arimad"
2016-05-03,"FOODS_2",6014.144054594,"arimad"
2016-05-04,"FOODS_2",6112.87668231624,"arimad"
2016-05-05,"FOODS_2",5997.84673838516,"arimad"
2016-05-06,"FOODS_2",5759.20994579173,"arimad"
2016-05-07,"FOODS_2",6480.37935567535,"arimad"
2016-05-08,"FOODS_2",6830.07863122299,"arimad"
2016-05-09,"FOODS_2",6390.0856694921,"arimad"
2016-05-10,"FOODS_2",6178.42442826288,"arimad"
2016-05-11,"FOODS_2",6003.37300623294,"arimad"
2016-05-12,"FOODS_2",5614.2312285094,"arimad"
2016-05-13,"FOODS_2",5837.95350221814,"arimad"
2016-05-14,"FOODS_2",6371.69880748671,"arimad"
2016-05-15,"FOODS_2",6110.72775307054,"arimad"
2016-05-16,"FOODS_2",5933.40814341358,"arimad"
2016-05-17,"FOODS_2",5666.12844647012,"arimad"
2016-05-18,"FOODS_2",5316.21779631734,"arimad"
2016-05-19,"FOODS_2",5302.71188013144,"arimad"
2016-05-20,"FOODS_2",5163.13684174826,"arimad"
2016-05-21,"FOODS_2",5368.94996363745,"arimad"
2016-05-22,"FOODS_2",5376.12184103623,"arimad"
2016-04-25,"FOODS_3",20321.2687930499,"arimah"
2016-04-26,"FOODS_3",18005.4116391581,"arimah"
2016-04-27,"FOODS_3",16646.5656695607,"arimah"
2016-04-28,"FOODS_3",16667.6883018876,"arimah"
2016-04-29,"FOODS_3",18948.9288418929,"arimah"
2016-04-30,"FOODS_3",21690.807281398,"arimah"
2016-05-01,"FOODS_3",22035.5504146731,"arimah"
2016-05-02,"FOODS_3",20679.4171803515,"arimah"
2016-05-03,"FOODS_3",18893.940113725,"arimah"
2016-05-04,"FOODS_3",17562.8567216223,"arimah"
2016-05-05,"FOODS_3",18241.9711153606,"arimah"
2016-05-06,"FOODS_3",19848.021391469,"arimah"
2016-05-07,"FOODS_3",21451.6943666623,"arimah"
2016-05-08,"FOODS_3",21860.5990973467,"arimah"
2016-05-09,"FOODS_3",21065.3576547104,"arimah"
2016-05-10,"FOODS_3",19254.7573146406,"arimah"
2016-05-11,"FOODS_3",18222.3176665091,"arimah"
2016-05-12,"FOODS_3",18324.4463915971,"arimah"
2016-05-13,"FOODS_3",19409.6445023696,"arimah"
2016-05-14,"FOODS_3",20550.5397057677,"arimah"
2016-05-15,"FOODS_3",20520.4933559185,"arimah"
2016-05-16,"FOODS_3",20011.7472713023,"arimah"
2016-05-17,"FOODS_3",18990.2146634596,"arimah"
2016-05-18,"FOODS_3",18215.5574068375,"arimah"
2016-05-19,"FOODS_3",18243.9025978259,"arimah"
2016-05-20,"FOODS_3",19101.132567455,"arimah"
2016-05-21,"FOODS_3",19937.1485488626,"arimah"
2016-05-22,"FOODS_3",20295.357601512,"arimah"
2016-04-25,"HOBBIES_1",3740.48902074611,"arimah"
2016-04-26,"HOBBIES_1",3425.04842157292,"arimah"
2016-04-27,"HOBBIES_1",3188.45414041248,"arimah"
2016-04-28,"HOBBIES_1",3270.12462458161,"arimah"
2016-04-29,"HOBBIES_1",3727.60176114857,"arimah"
2016-04-30,"HOBBIES_1",3994.55900481366,"arimah"
2016-05-01,"HOBBIES_1",3965.24893309623,"arimah"
2016-05-02,"HOBBIES_1",3736.81096997738,"arimah"
2016-05-03,"HOBBIES_1",3451.71085175629,"arimah"
2016-05-04,"HOBBIES_1",3262.77129926587,"arimah"
2016-05-05,"HOBBIES_1",3359.15691072397,"arimah"
2016-05-06,"HOBBIES_1",3624.46128589478,"arimah"
2016-05-07,"HOBBIES_1",3835.38781380132,"arimah"
2016-05-08,"HOBBIES_1",3869.58784052764,"arimah"
2016-05-09,"HOBBIES_1",3740.47121644324,"arimah"
2016-05-10,"HOBBIES_1",3565.98969691758,"arimah"
2016-05-11,"HOBBIES_1",3436.32710345869,"arimah"
2016-05-12,"HOBBIES_1",3474.26761728497,"arimah"
2016-05-13,"HOBBIES_1",3627.10066236842,"arimah"
2016-05-14,"HOBBIES_1",3771.06667960442,"arimah"
2016-05-15,"HOBBIES_1",3795.14916314129,"arimah"
2016-05-16,"HOBBIES_1",3720.45507099276,"arimah"
2016-05-17,"HOBBIES_1",3587.78258245104,"arimah"
2016-05-18,"HOBBIES_1",3498.05742446859,"arimah"
2016-05-19,"HOBBIES_1",3509.47122676142,"arimah"
2016-05-20,"HOBBIES_1",3591.92779291408,"arimah"
2016-05-21,"HOBBIES_1",3689.88163883564,"arimah"
2016-05-22,"HOBBIES_1",3728.82061103083,"arimah"
2016-04-25,"HOBBIES_2",388.010904564425,"etsb"
2016-04-26,"HOBBIES_2",388.010904564425,"etsb"
2016-04-27,"HOBBIES_2",388.010904564425,"etsb"
2016-04-28,"HOBBIES_2",388.010904564425,"etsb"
2016-04-29,"HOBBIES_2",388.010904564425,"etsb"
2016-04-30,"HOBBIES_2",388.010904564425,"etsb"
2016-05-01,"HOBBIES_2",388.010904564425,"etsb"
2016-05-02,"HOBBIES_2",388.010904564425,"etsb"
2016-05-03,"HOBBIES_2",388.010904564425,"etsb"
2016-05-04,"HOBBIES_2",388.010904564425,"etsb"
2016-05-05,"HOBBIES_2",388.010904564425,"etsb"
2016-05-06,"HOBBIES_2",388.010904564425,"etsb"
2016-05-07,"HOBBIES_2",388.010904564425,"etsb"
2016-05-08,"HOBBIES_2",388.010904564425,"etsb"
2016-05-09,"HOBBIES_2",388.010904564425,"etsb"
2016-05-10,"HOBBIES_2",388.010904564425,"etsb"
2016-05-11,"HOBBIES_2",388.010904564425,"etsb"
2016-05-12,"HOBBIES_2",388.010904564425,"etsb"
2016-05-13,"HOBBIES_2",388.010904564425,"etsb"
2016-05-14,"HOBBIES_2",388.010904564425,"etsb"
2016-05-15,"HOBBIES_2",388.010904564425,"etsb"
2016-05-16,"HOBBIES_2",388.010904564425,"etsb"
2016-05-17,"HOBBIES_2",388.010904564425,"etsb"
2016-05-18,"HOBBIES_2",388.010904564425,"etsb"
2016-05-19,"HOBBIES_2",388.010904564425,"etsb"
2016-05-20,"HOBBIES_2",388.010904564425,"etsb"
2016-05-21,"HOBBIES_2",388.010904564425,"etsb"
2016-05-22,"HOBBIES_2",388.010904564425,"etsb"
2016-04-25,"HOUSEHOLD_1",8239.43839688369,"arima"
2016-04-26,"HOUSEHOLD_1",6985.20881703371,"arima"
2016-04-27,"HOUSEHOLD_1",6450.80990718431,"arima"
2016-04-28,"HOUSEHOLD_1",6670.47782859818,"arima"
2016-04-29,"HOUSEHOLD_1",7854.80384270951,"arima"
2016-04-30,"HOUSEHOLD_1",9163.97011394458,"arima"
2016-05-01,"HOUSEHOLD_1",9271.24650186037,"arima"
2016-05-02,"HOUSEHOLD_1",8359.6272285718,"arima"
2016-05-03,"HOUSEHOLD_1",7302.19925464859,"arima"
2016-05-04,"HOUSEHOLD_1",6665.62796283833,"arima"
2016-05-05,"HOUSEHOLD_1",6850.87410280615,"arima"
2016-05-06,"HOUSEHOLD_1",7845.3728297536,"arima"
2016-05-07,"HOUSEHOLD_1",8811.19833345593,"arima"
2016-05-08,"HOUSEHOLD_1",8981.32659364434,"arima"
2016-05-09,"HOUSEHOLD_1",8375.82288702337,"arima"
2016-05-10,"HOUSEHOLD_1",7488.79402402058,"arima"
2016-05-11,"HOUSEHOLD_1",6894.39308349902,"arima"
2016-05-12,"HOUSEHOLD_1",7031.86631558411,"arima"
2016-05-13,"HOUSEHOLD_1",7795.54689875545,"arima"
2016-05-14,"HOUSEHOLD_1",8558.39865585888,"arima"
2016-05-15,"HOUSEHOLD_1",8768.58752200198,"arima"
2016-05-16,"HOUSEHOLD_1",8345.406219024,"arima"
2016-05-17,"HOUSEHOLD_1",7616.65204876803,"arima"
2016-05-18,"HOUSEHOLD_1",7103.97382163082,"arima"
2016-05-19,"HOUSEHOLD_1",7179.69174851026,"arima"
2016-05-20,"HOUSEHOLD_1",7756.6390575767,"arima"
2016-05-21,"HOUSEHOLD_1",8375.26498442338,"arima"
2016-05-22,"HOUSEHOLD_1",8596.85010999289,"arima"
2016-04-25,"HOUSEHOLD_2",2048.56554088704,"tbats"
2016-04-26,"HOUSEHOLD_2",1813.90075807929,"tbats"
2016-04-27,"HOUSEHOLD_2",1846.16507617006,"tbats"
2016-04-28,"HOUSEHOLD_2",1819.57496998627,"tbats"
2016-04-29,"HOUSEHOLD_2",2081.83696170855,"tbats"
2016-04-30,"HOUSEHOLD_2",2547.99240711927,"tbats"
2016-05-01,"HOUSEHOLD_2",2567.39924313063,"tbats"
2016-05-02,"HOUSEHOLD_2",2142.95727165715,"tbats"
2016-05-03,"HOUSEHOLD_2",1832.54466794207,"tbats"
2016-05-04,"HOUSEHOLD_2",1775.4751473396,"tbats"
2016-05-05,"HOUSEHOLD_2",1853.59221807489,"tbats"
2016-05-06,"HOUSEHOLD_2",2127.57974472017,"tbats"
2016-05-07,"HOUSEHOLD_2",2467.57540379064,"tbats"
2016-05-08,"HOUSEHOLD_2",2493.00909228425,"tbats"
2016-05-09,"HOUSEHOLD_2",2170.8587081947,"tbats"
2016-05-10,"HOUSEHOLD_2",1853.0869834366,"tbats"
2016-05-11,"HOUSEHOLD_2",1754.48821370987,"tbats"
2016-05-12,"HOUSEHOLD_2",1866.66527063105,"tbats"
2016-05-13,"HOUSEHOLD_2",2143.87642109122,"tbats"
2016-05-14,"HOUSEHOLD_2",2421.25521191684,"tbats"
2016-05-15,"HOUSEHOLD_2",2442.1182412987,"tbats"
2016-05-16,"HOUSEHOLD_2",2177.29429892506,"tbats"
2016-05-17,"HOUSEHOLD_2",1875.95349629148,"tbats"
2016-05-18,"HOUSEHOLD_2",1762.48617750343,"tbats"
2016-05-19,"HOUSEHOLD_2",1881.65504758094,"tbats"
2016-05-20,"HOUSEHOLD_2",2153.39015094946,"tbats"
2016-05-21,"HOUSEHOLD_2",2396.65532838545,"tbats"
2016-05-22,"HOUSEHOLD_2",2412.98289285145,"tbats"
2016-04-25,"FOODS",3.34723668840254,"thetah"
2016-04-26,"FOODS",3.34730138126442,"thetah"
2016-04-27,"FOODS",3.3473660741263,"thetah"
2016-04-28,"FOODS",3.34743076698819,"thetah"
2016-04-29,"FOODS",3.34749545985007,"thetah"
2016-04-30,"FOODS",3.3475601329913,"thetah"
2016-05-01,"FOODS",3.34762482585318,"thetah"
2016-05-02,"FOODS",3.34768951871506,"thetah"
2016-05-03,"FOODS",3.34775421157695,"thetah"
2016-05-04,"FOODS",3.34781890443883,"thetah"
2016-05-05,"FOODS",3.34788357758006,"thetah"
2016-05-06,"FOODS",3.34794827044194,"thetah"
2016-05-07,"FOODS",3.34801296330382,"thetah"
2016-05-08,"FOODS",3.34807765616571,"thetah"
2016-05-09,"FOODS",3.34814234902759,"thetah"
2016-05-10,"FOODS",3.34820702216882,"thetah"
2016-05-11,"FOODS",3.3482717150307,"thetah"
2016-05-12,"FOODS",3.34833640789258,"thetah"
2016-05-13,"FOODS",3.34840110075447,"thetah"
2016-05-14,"FOODS",3.34846579361635,"thetah"
2016-05-15,"FOODS",3.34853046675757,"thetah"
2016-05-16,"FOODS",3.34859515961946,"thetah"
2016-05-17,"FOODS",3.34865985248134,"thetah"
2016-05-18,"FOODS",3.34872454534323,"thetah"
2016-05-19,"FOODS",3.34878923820511,"thetah"
2016-05-20,"FOODS",3.34885391134633,"thetah"
2016-05-21,"FOODS",3.34891860420822,"thetah"
2016-05-22,"FOODS",3.3489832970701,"thetah"
2016-04-25,"HOBBIES",5.53561083001198,"tbats"
2016-04-26,"HOBBIES",5.53561819776594,"tbats"
2016-04-27,"HOBBIES",5.53562511904795,"tbats"
2016-04-28,"HOBBIES",5.53563162655322,"tbats"
2016-04-29,"HOBBIES",5.5356377442542,"tbats"
2016-04-30,"HOBBIES",5.53564349560398,"tbats"
2016-05-01,"HOBBIES",5.53564890252704,"tbats"
2016-05-02,"HOBBIES",5.5356539856517,"tbats"
2016-05-03,"HOBBIES",5.53565876436865,"tbats"
2016-05-04,"HOBBIES",5.53566325690768,"tbats"
2016-05-05,"HOBBIES",5.53566748040681,"tbats"
2016-05-06,"HOBBIES",5.53567145097775,"tbats"
2016-05-07,"HOBBIES",5.53567518376734,"tbats"
2016-05-08,"HOBBIES",5.53567869301534,"tbats"
2016-05-09,"HOBBIES",5.53568199210874,"tbats"
2016-05-10,"HOBBIES",5.53568509363286,"tbats"
2016-05-11,"HOBBIES",5.5356880094193,"tbats"
2016-05-12,"HOBBIES",5.53569075059115,"tbats"
2016-05-13,"HOBBIES",5.53569332760536,"tbats"
2016-05-14,"HOBBIES",5.53569575029266,"tbats"
2016-05-15,"HOBBIES",5.53569802789507,"tbats"
2016-05-16,"HOBBIES",5.53570016910114,"tbats"
2016-05-17,"HOBBIES",5.53570218207908,"tbats"
2016-05-18,"HOBBIES",5.53570407450795,"tbats"
2016-05-19,"HOBBIES",5.53570585360695,"tbats"
2016-05-20,"HOBBIES",5.53570752616295,"tbats"
2016-05-21,"HOBBIES",5.53570909855637,"tbats"
2016-05-22,"HOBBIES",5.53571057678554,"tbats"
2016-04-25,"HOUSEHOLD",5.47213680573923,"theta"
2016-04-26,"HOUSEHOLD",5.47210671600718,"theta"
2016-04-27,"HOUSEHOLD",5.47207662627513,"theta"
2016-04-28,"HOUSEHOLD",5.47204653654308,"theta"
2016-04-29,"HOUSEHOLD",5.47201644681104,"theta"
2016-04-30,"HOUSEHOLD",5.47198635707899,"theta"
2016-05-01,"HOUSEHOLD",5.47195626734694,"theta"
2016-05-02,"HOUSEHOLD",5.47192617761489,"theta"
2016-05-03,"HOUSEHOLD",5.47189608788285,"theta"
2016-05-04,"HOUSEHOLD",5.4718659981508,"theta"
2016-05-05,"HOUSEHOLD",5.47183590841875,"theta"
2016-05-06,"HOUSEHOLD",5.4718058186867,"theta"
2016-05-07,"HOUSEHOLD",5.47177572895466,"theta"
2016-05-08,"HOUSEHOLD",5.47174563922261,"theta"
2016-05-09,"HOUSEHOLD",5.47171554949056,"theta"
2016-05-10,"HOUSEHOLD",5.47168545975852,"theta"
2016-05-11,"HOUSEHOLD",5.47165537002647,"theta"
2016-05-12,"HOUSEHOLD",5.47162528029442,"theta"
2016-05-13,"HOUSEHOLD",5.47159519056237,"theta"
2016-05-14,"HOUSEHOLD",5.47156510083033,"theta"
2016-05-15,"HOUSEHOLD",5.47153501109828,"theta"
2016-05-16,"HOUSEHOLD",5.47150492136623,"theta"
2016-05-17,"HOUSEHOLD",5.47147483163419,"theta"
2016-05-18,"HOUSEHOLD",5.47144474190214,"theta"
2016-05-19,"HOUSEHOLD",5.47141465217009,"theta"
2016-05-20,"HOUSEHOLD",5.47138456243804,"theta"
2016-05-21,"HOUSEHOLD",5.471354472706,"theta"
2016-05-22,"HOUSEHOLD",5.47132438297395,"theta"
2016-04-25,"CA",18906.0902504815,"tbats"
2016-04-26,"CA",15850.5019944784,"tbats"
2016-04-27,"CA",14399.715075857,"tbats"
2016-04-28,"CA",14507.0312823794,"tbats"
2016-04-29,"CA",17127.7430140759,"tbats"
2016-04-30,"CA",20794.1986156029,"tbats"
2016-05-01,"CA",21325.9757308521,"tbats"
2016-05-02,"CA",19027.3140008698,"tbats"
2016-05-03,"CA",16326.7760490696,"tbats"
2016-05-04,"CA",14614.4844786056,"tbats"
2016-05-05,"CA",14763.6506326181,"tbats"
2016-05-06,"CA",17191.8167832269,"tbats"
2016-05-07,"CA",19868.2490575274,"tbats"
2016-05-08,"CA",20504.1440165951,"tbats"
2016-05-09,"CA",19010.5549643164,"tbats"
2016-05-10,"CA",16745.7320171025,"tbats"
2016-05-11,"CA",15109.4360140745,"tbats"
2016-05-12,"CA",15289.2097853093,"tbats"
2016-05-13,"CA",17247.6286263399,"tbats"
2016-05-14,"CA",19386.9454699087,"tbats"
2016-05-15,"CA",20090.8201653307,"tbats"
2016-05-16,"CA",19079.6201739329,"tbats"
2016-05-17,"CA",17200.3911966727,"tbats"
2016-05-18,"CA",15791.1083898384,"tbats"
2016-05-19,"CA",15910.198805136,"tbats"
2016-05-20,"CA",17463.5937781396,"tbats"
2016-05-21,"CA",19231.9537203966,"tbats"
2016-05-22,"CA",19960.1020491231,"tbats"
2016-04-25,"TX",11516.529530498,"arimah"
2016-04-26,"TX",10529.9158729538,"arimah"
2016-04-27,"TX",9851.75500315031,"arimah"
2016-04-28,"TX",9829.4734990855,"arimah"
2016-04-29,"TX",10799.1746405895,"arimah"
2016-04-30,"TX",12104.1744591304,"arimah"
2016-05-01,"TX",12325.7542233508,"arimah"
2016-05-02,"TX",11860.3273691303,"arimah"
2016-05-03,"TX",11117.5997019031,"arimah"
2016-05-04,"TX",10515.9143391362,"arimah"
2016-05-05,"TX",10621.5757821408,"arimah"
2016-05-06,"TX",11239.3356674086,"arimah"
2016-05-07,"TX",11879.9966928663,"arimah"
2016-05-08,"TX",12086.9525525855,"arimah"
2016-05-09,"TX",11797.3077046475,"arimah"
2016-05-10,"TX",11068.1553099725,"arimah"
2016-05-11,"TX",10641.1433031466,"arimah"
2016-05-12,"TX",10675.5899082498,"arimah"
2016-05-13,"TX",11103.3356710332,"arimah"
2016-05-14,"TX",11570.0016556662,"arimah"
2016-05-15,"TX",11564.5173791144,"arimah"
2016-05-16,"TX",11359.7824699938,"arimah"
2016-05-17,"TX",10935.9016087584,"arimah"
2016-05-18,"TX",10616.0966569474,"arimah"
2016-05-19,"TX",10624.1983324794,"arimah"
2016-05-20,"TX",10764.1474329848,"arimah"
2016-05-21,"TX",11113.3366016239,"arimah"
2016-05-22,"TX",11265.9344674196,"arimah"
2016-04-25,"WI",12150.4870147076,"arimad"
2016-04-26,"WI",11061.1389654822,"arimad"
2016-04-27,"WI",10621.459241776,"arimad"
2016-04-28,"WI",10992.8522550131,"arimad"
2016-04-29,"WI",12779.2511122669,"arimad"
2016-04-30,"WI",15155.4623906379,"arimad"
2016-05-01,"WI",15736.1545921208,"arimad"
2016-05-02,"WI",15172.5066906304,"arimad"
2016-05-03,"WI",12971.0367415128,"arimad"
2016-05-04,"WI",12768.6004456811,"arimad"
2016-05-05,"WI",13255.3693926606,"arimad"
2016-05-06,"WI",12945.5967770105,"arimad"
2016-05-07,"WI",14924.4129019258,"arimad"
2016-05-08,"WI",14724.1297455763,"arimad"
2016-05-09,"WI",13489.4167770707,"arimad"
2016-05-10,"WI",13072.5385869275,"arimad"
2016-05-11,"WI",13266.5426874425,"arimad"
2016-05-12,"WI",12558.6910135888,"arimad"
2016-05-13,"WI",14456.2201498897,"arimad"
2016-05-14,"WI",15116.7217412882,"arimad"
2016-05-15,"WI",14146.9263447686,"arimad"
2016-05-16,"WI",13858.3010406234,"arimad"
2016-05-17,"WI",12596.6862032116,"arimad"
2016-05-18,"WI",11984.2917087694,"arimad"
2016-05-19,"WI",12333.4904233834,"arimad"
2016-05-20,"WI",12299.7091908689,"arimad"
2016-05-21,"WI",12922.8477859823,"arimad"
2016-05-22,"WI",13329.278435631,"arimad"
2016-04-25,"CA_1",4951.12833620841,"tbats"
2016-04-26,"CA_1",4038.34784754935,"tbats"
2016-04-27,"CA_1",3657.71631178067,"tbats"
2016-04-28,"CA_1",3772.54000090344,"tbats"
2016-04-29,"CA_1",4462.59979690893,"tbats"
2016-04-30,"CA_1",5476.9687785196,"tbats"
2016-05-01,"CA_1",5670.61520858793,"tbats"
2016-05-02,"CA_1",5033.66920027605,"tbats"
2016-05-03,"CA_1",4241.20634923681,"tbats"
2016-05-04,"CA_1",3781.07819781371,"tbats"
2016-05-05,"CA_1",3845.82194637664,"tbats"
2016-05-06,"CA_1",4520.28375039118,"tbats"
2016-05-07,"CA_1",5272.73297216331,"tbats"
2016-05-08,"CA_1",5466.18488922479,"tbats"
2016-05-09,"CA_1",5029.21890490289,"tbats"
2016-05-10,"CA_1",4366.91741365901,"tbats"
2016-05-11,"CA_1",3904.30026679154,"tbats"
2016-05-12,"CA_1",3961.43463002961,"tbats"
2016-05-13,"CA_1",4513.86049635732,"tbats"
2016-05-14,"CA_1",5122.10284537645,"tbats"
2016-05-15,"CA_1",5317.10869605959,"tbats"
2016-05-16,"CA_1",5005.96236923421,"tbats"
2016-05-17,"CA_1",4444.64902389562,"tbats"
2016-05-18,"CA_1",4030.81881530999,"tbats"
2016-05-19,"CA_1",4060.72591224642,"tbats"
2016-05-20,"CA_1",4502.78004318995,"tbats"
2016-05-21,"CA_1",5005.87692832844,"tbats"
2016-05-22,"CA_1",5199.98615846792,"tbats"
2016-04-25,"CA_2",4437.58782776496,"arima"
2016-04-26,"CA_2",3668.13868691629,"arima"
2016-04-27,"CA_2",3352.49510921932,"arima"
2016-04-28,"CA_2",3511.93276031491,"arima"
2016-04-29,"CA_2",4476.55953079977,"arima"
2016-04-30,"CA_2",5708.32783473592,"arima"
2016-05-01,"CA_2",5605.98238812934,"arima"
2016-05-02,"CA_2",4674.77024034969,"arima"
2016-05-03,"CA_2",3861.88649608229,"arima"
2016-05-04,"CA_2",3441.18689819723,"arima"
2016-05-05,"CA_2",3590.97910641455,"arima"
2016-05-06,"CA_2",4538.82076115521,"arima"
2016-05-07,"CA_2",5414.59789294982,"arima"
2016-05-08,"CA_2",5409.4038694454,"arima"
2016-05-09,"CA_2",4746.7023959278,"arima"
2016-05-10,"CA_2",4010.10112467684,"arima"
2016-05-11,"CA_2",3540.73672559513,"arima"
2016-05-12,"CA_2",3721.03425849927,"arima"
2016-05-13,"CA_2",4507.86742944285,"arima"
2016-05-14,"CA_2",5206.86489592005,"arima"
2016-05-15,"CA_2",5264.63855707323,"arima"
2016-05-16,"CA_2",4776.43421017763,"arima"
2016-05-17,"CA_2",4104.14063501811,"arima"
2016-05-18,"CA_2",3669.83937533018,"arima"
2016-05-19,"CA_2",3826.13030092513,"arima"
2016-05-20,"CA_2",4467.35506558902,"arima"
2016-05-21,"CA_2",5047.9186079908,"arima"
2016-05-22,"CA_2",5152.69338892165,"arima"
2016-04-25,"CA_3",6801.79739710321,"tbats"
2016-04-26,"CA_3",5956.81021109758,"tbats"
2016-04-27,"CA_3",5419.42429957105,"tbats"
2016-04-28,"CA_3",5274.53618649709,"tbats"
2016-04-29,"CA_3",6035.43877092399,"tbats"
2016-04-30,"CA_3",6990.02652567925,"tbats"
2016-05-01,"CA_3",7242.26631363222,"tbats"
2016-05-02,"CA_3",6823.79320357666,"tbats"
2016-05-03,"CA_3",6188.8275348758,"tbats"
2016-05-04,"CA_3",5655.65687246504,"tbats"
2016-05-05,"CA_3",5621.5108967513,"tbats"
2016-05-06,"CA_3",6147.64002617521,"tbats"
2016-05-07,"CA_3",6762.97776790593,"tbats"
2016-05-08,"CA_3",6997.348679927,"tbats"
2016-05-09,"CA_3",6779.78136987128,"tbats"
2016-05-10,"CA_3",6302.50072127496,"tbats"
2016-05-11,"CA_3",5900.22934327361,"tbats"
2016-05-12,"CA_3",5872.09017660027,"tbats"
2016-05-13,"CA_3",6218.22457199908,"tbats"
2016-05-14,"CA_3",6644.24006079135,"tbats"
2016-05-15,"CA_3",6848.72135336448,"tbats"
2016-05-16,"CA_3",6723.65842378571,"tbats"
2016-05-17,"CA_3",6385.41162621069,"tbats"
2016-05-18,"CA_3",6091.9590314727,"tbats"
2016-05-19,"CA_3",6056.39466110538,"tbats"
2016-05-20,"CA_3",6282.46953492688,"tbats"
2016-05-21,"CA_3",6585.78751544068,"tbats"
2016-05-22,"CA_3",6751.48336747172,"tbats"
2016-04-25,"CA_4",2952.64275058164,"arimah"
2016-04-26,"CA_4",2686.51605234247,"arimah"
2016-04-27,"CA_4",2536.28043794959,"arimah"
2016-04-28,"CA_4",2534.58507321137,"arimah"
2016-04-29,"CA_4",2695.68426752386,"arimah"
2016-04-30,"CA_4",2945.53052367383,"arimah"
2016-05-01,"CA_4",3016.96579692251,"arimah"
2016-05-02,"CA_4",2914.4318475568,"arimah"
2016-05-03,"CA_4",2747.80084462532,"arimah"
2016-05-04,"CA_4",2625.80495407312,"arimah"
2016-05-05,"CA_4",2587.21194308708,"arimah"
2016-05-06,"CA_4",2704.48337144809,"arimah"
2016-05-07,"CA_4",2837.43734631959,"arimah"
2016-05-08,"CA_4",2888.19989264753,"arimah"
2016-05-09,"CA_4",2837.18188416858,"arimah"
2016-05-10,"CA_4",2724.44493799389,"arimah"
2016-05-11,"CA_4",2643.83633273385,"arimah"
2016-05-12,"CA_4",2641.86711177571,"arimah"
2016-05-13,"CA_4",2709.94862273961,"arimah"
2016-05-14,"CA_4",2790.02886174193,"arimah"
2016-05-15,"CA_4",2835.86808341295,"arimah"
2016-05-16,"CA_4",2807.92938620099,"arimah"
2016-05-17,"CA_4",2744.28359438583,"arimah"
2016-05-18,"CA_4",2694.04100113691,"arimah"
2016-05-19,"CA_4",2690.79215305793,"arimah"
2016-05-20,"CA_4",2737.27636800412,"arimah"
2016-05-21,"CA_4",2786.40486732996,"arimah"
2016-05-22,"CA_4",2809.62830845038,"arimah"
2016-04-25,"TX_1",3650.29267551599,"tbats"
2016-04-26,"TX_1",3237.45644786503,"tbats"
2016-04-27,"TX_1",2931.05767525191,"tbats"
2016-04-28,"TX_1",2810.15857832651,"tbats"
2016-04-29,"TX_1",3074.3659398248,"tbats"
2016-04-30,"TX_1",3590.57645485963,"tbats"
2016-05-01,"TX_1",3809.52514963888,"tbats"
2016-05-02,"TX_1",3633.00428304961,"tbats"
2016-05-03,"TX_1",3280.69196018065,"tbats"
2016-05-04,"TX_1",2956.69137946806,"tbats"
2016-05-05,"TX_1",2846.25757365981,"tbats"
2016-05-06,"TX_1",3085.86819229496,"tbats"
2016-05-07,"TX_1",3473.38787649655,"tbats"
2016-05-08,"TX_1",3681.76232696908,"tbats"
2016-05-09,"TX_1",3591.46438662604,"tbats"
2016-05-10,"TX_1",3304.39173511108,"tbats"
2016-05-11,"TX_1",3005.61258131955,"tbats"
2016-05-12,"TX_1",2910.07139386346,"tbats"
2016-05-13,"TX_1",3096.47227556029,"tbats"
2016-05-14,"TX_1",3409.69821640325,"tbats"
2016-05-15,"TX_1",3608.34047953605,"tbats"
2016-05-16,"TX_1",3570.50738905368,"tbats"
2016-05-17,"TX_1",3339.57686727744,"tbats"
2016-05-18,"TX_1",3083.99821785081,"tbats"
2016-05-19,"TX_1",2994.11268968566,"tbats"
2016-05-20,"TX_1",3135.63103185489,"tbats"
2016-05-21,"TX_1",3394.14041155742,"tbats"
2016-05-22,"TX_1",3581.04736804149,"tbats"
2016-04-25,"TX_2",3975.71438715862,"tbats"
2016-04-26,"TX_2",3660.9806662435,"tbats"
2016-04-27,"TX_2",3481.72690275896,"tbats"
2016-04-28,"TX_2",3560.72303844189,"tbats"
2016-04-29,"TX_2",3972.54236820622,"tbats"
2016-04-30,"TX_2",4244.7039975436,"tbats"
2016-05-01,"TX_2",4227.09442628878,"tbats"
2016-05-02,"TX_2",3997.26179003367,"tbats"
2016-05-03,"TX_2",3724.8175228828,"tbats"
2016-05-04,"TX_2",3559.89123001492,"tbats"
2016-05-05,"TX_2",3665.23213607297,"tbats"
2016-05-06,"TX_2",3934.58247511754,"tbats"
2016-05-07,"TX_2",4145.81656539484,"tbats"
2016-05-08,"TX_2",4160.8938548867,"tbats"
2016-05-09,"TX_2",4001.47934631229,"tbats"
2016-05-10,"TX_2",3778.65744615756,"tbats"
2016-05-11,"TX_2",3662.74438206911,"tbats"
2016-05-12,"TX_2",3738.40816731027,"tbats"
2016-05-13,"TX_2",3936.60466923888,"tbats"
2016-05-14,"TX_2",4105.07401860855,"tbats"
2016-05-15,"TX_2",4136.71331220281,"tbats"
2016-05-16,"TX_2",4023.18282730553,"tbats"
2016-05-17,"TX_2",3859.55552980641,"tbats"
2016-05-18,"TX_2",3774.15289822792,"tbats"
2016-05-19,"TX_2",3829.91229264555,"tbats"
2016-05-20,"TX_2",3980.44603799103,"tbats"
2016-05-21,"TX_2",4118.47675516557,"tbats"
2016-05-22,"TX_2",4154.94926202094,"tbats"
2016-04-25,"TX_3",3872.66494560791,"tbats"
2016-04-26,"TX_3",3592.43576965,"tbats"
2016-04-27,"TX_3",3477.02625150009,"tbats"
2016-04-28,"TX_3",3623.79725761187,"tbats"
2016-04-29,"TX_3",3930.211582368,"tbats"
2016-04-30,"TX_3",4174.6467314312,"tbats"
2016-05-01,"TX_3",4184.17605224659,"tbats"
2016-05-02,"TX_3",3962.71534543675,"tbats"
2016-05-03,"TX_3",3684.92972779396,"tbats"
2016-05-04,"TX_3",3563.09302679377,"tbats"
2016-05-05,"TX_3",3688.52981581511,"tbats"
2016-05-06,"TX_3",3966.18814778494,"tbats"
2016-05-07,"TX_3",4189.22176175784,"tbats"
2016-05-08,"TX_3",4195.30434773831,"tbats"
2016-05-09,"TX_3",3986.69964262258,"tbats"
2016-05-10,"TX_3",3725.41730297679,"tbats"
2016-05-11,"TX_3",3609.52462135883,"tbats"
2016-05-12,"TX_3",3725.03871939366,"tbats"
2016-05-13,"TX_3",3984.14227890452,"tbats"
2016-05-14,"TX_3",4194.01913455047,"tbats"
2016-05-15,"TX_3",4202.49182876726,"tbats"
2016-05-16,"TX_3",4010.52753480642,"tbats"
2016-05-17,"TX_3",3768.50989290677,"tbats"
2016-05-18,"TX_3",3661.34319711049,"tbats"
2016-05-19,"TX_3",3770.11525713697,"tbats"
2016-05-20,"TX_3",4013.76775948954,"tbats"
2016-05-21,"TX_3",4212.6222292843,"tbats"
2016-05-22,"TX_3",4224.06855214023,"tbats"
2016-04-25,"WI_1",3806.37504684319,"arima"
2016-04-26,"WI_1",3243.89264264489,"arima"
2016-04-27,"WI_1",3175.40149095931,"arima"
2016-04-28,"WI_1",3402.74008089326,"arima"
2016-04-29,"WI_1",3949.90960367577,"arima"
2016-04-30,"WI_1",4597.34232676005,"arima"
2016-05-01,"WI_1",4519.53219014655,"arima"
2016-05-02,"WI_1",3938.08331468617,"arima"
2016-05-03,"WI_1",3463.02090887582,"arima"
2016-05-04,"WI_1",3303.03471888851,"arima"
2016-05-05,"WI_1",3451.4663720209,"arima"
2016-05-06,"WI_1",3945.08762606706,"arima"
2016-05-07,"WI_1",4378.63514854191,"arima"
2016-05-08,"WI_1",4352.21724140395,"arima"
2016-05-09,"WI_1",3979.45372558604,"arima"
2016-05-10,"WI_1",3603.86062276719,"arima"
2016-05-11,"WI_1",3413.21952038862,"arima"
2016-05-12,"WI_1",3532.3083852402,"arima"
2016-05-13,"WI_1",3907.60252407516,"arima"
2016-05-14,"WI_1",4226.11558866886,"arima"
2016-05-15,"WI_1",4236.40287715466,"arima"
2016-05-16,"WI_1",3992.36687028289,"arima"
2016-05-17,"WI_1",3689.29537895529,"arima"
2016-05-18,"WI_1",3517.14626906692,"arima"
2016-05-19,"WI_1",3599.69415440769,"arima"
2016-05-20,"WI_1",3876.03702265675,"arima"
2016-05-21,"WI_1",4117.5812092033,"arima"
2016-05-22,"WI_1",4152.05740336968,"arima"
2016-04-25,"WI_2",5264.26435429036,"holtw"
2016-04-26,"WI_2",4800.05524714861,"holtw"
2016-04-27,"WI_2",4344.80167847499,"holtw"
2016-04-28,"WI_2",4335.23588027103,"holtw"
2016-04-29,"WI_2",4692.67952832203,"holtw"
2016-04-30,"WI_2",5621.75434706969,"holtw"
2016-05-01,"WI_2",6592.24696333697,"holtw"
2016-05-02,"WI_2",6948.78453495106,"holtw"
2016-05-03,"WI_2",5623.55277674327,"holtw"
2016-05-04,"WI_2",5872.99983829781,"holtw"
2016-05-05,"WI_2",5927.44151932795,"holtw"
2016-05-06,"WI_2",4943.0716559125,"holtw"
2016-05-07,"WI_2",5869.22623500113,"holtw"
2016-05-08,"WI_2",6605.01064547226,"holtw"
2016-05-09,"WI_2",5002.57414844794,"holtw"
2016-05-10,"WI_2",5378.35590327791,"holtw"
2016-05-11,"WI_2",6385.81750141301,"holtw"
2016-05-12,"WI_2",5029.47737524999,"holtw"
2016-05-13,"WI_2",5689.85514886858,"holtw"
2016-05-14,"WI_2",6166.95288336699,"holtw"
2016-05-15,"WI_2",5899.87220883073,"holtw"
2016-05-16,"WI_2",5755.10009552456,"holtw"
2016-05-17,"WI_2",5123.95000700349,"holtw"
2016-05-18,"WI_2",4857.26891927091,"holtw"
2016-05-19,"WI_2",4978.82712782037,"holtw"
2016-05-20,"WI_2",4606.63237898305,"holtw"
2016-05-21,"WI_2",5047.33924475426,"holtw"
2016-05-22,"WI_2",5204.351912729,"holtw"
2016-04-25,"WI_3",3733.71788733161,"arimah"
2016-04-26,"WI_3",3470.92051554778,"arimah"
2016-04-27,"WI_3",3211.92368828096,"arimah"
2016-04-28,"WI_3",3278.76645720901,"arimah"
2016-04-29,"WI_3",3769.2979726126,"arimah"
2016-04-30,"WI_3",4391.19791284213,"arimah"
2016-05-01,"WI_3",4330.46861164039,"arimah"
2016-05-02,"WI_3",4178.95604175616,"arimah"
2016-05-03,"WI_3",3940.61571145267,"arimah"
2016-05-04,"WI_3",3760.32912961503,"arimah"
2016-05-05,"WI_3",3866.64084075607,"arimah"
2016-05-06,"WI_3",4079.14725530955,"arimah"
2016-05-07,"WI_3",4210.71885677004,"arimah"
2016-05-08,"WI_3",4241.92548569572,"arimah"
2016-05-09,"WI_3",4160.44469698618,"arimah"
2016-05-10,"WI_3",3884.92930932183,"arimah"
2016-05-11,"WI_3",3797.35172600518,"arimah"
2016-05-12,"WI_3",3834.77250740469,"arimah"
2016-05-13,"WI_3",3928.57464913334,"arimah"
2016-05-14,"WI_3",4016.6727884054,"arimah"
2016-05-15,"WI_3",3848.34271244182,"arimah"
2016-05-16,"WI_3",3800.81630809704,"arimah"
2016-05-17,"WI_3",3717.33914623406,"arimah"
2016-05-18,"WI_3",3668.46539044409,"arimah"
2016-05-19,"WI_3",3675.31828851135,"arimah"
2016-05-20,"WI_3",3733.7283914211,"arimah"
2016-05-21,"WI_3",3788.87686068813,"arimah"
2016-05-22,"WI_3",3811.49566573819,"arimah"
2016-04-25,"CA_FOODS",12751.8821294861,"tbats"
2016-04-26,"CA_FOODS",10940.1461421279,"tbats"
2016-04-27,"CA_FOODS",9822.10779371672,"tbats"
2016-04-28,"CA_FOODS",10275.2286701016,"tbats"
2016-04-29,"CA_FOODS",11927.1819286787,"tbats"
2016-04-30,"CA_FOODS",13518.7699366686,"tbats"
2016-05-01,"CA_FOODS",13855.189577719,"tbats"
2016-05-02,"CA_FOODS",12707.809450019,"tbats"
2016-05-03,"CA_FOODS",10969.068247253,"tbats"
2016-05-04,"CA_FOODS",9953.94989598715,"tbats"
2016-05-05,"CA_FOODS",10405.8989076931,"tbats"
2016-05-06,"CA_FOODS",11958.9441551935,"tbats"
2016-05-07,"CA_FOODS",13429.3207750192,"tbats"
2016-05-08,"CA_FOODS",13713.8691380684,"tbats"
2016-05-09,"CA_FOODS",12621.7133345976,"tbats"
2016-05-10,"CA_FOODS",11001.4084471277,"tbats"
2016-05-11,"CA_FOODS",10077.8058505904,"tbats"
2016-05-12,"CA_FOODS",10526.7428516032,"tbats"
2016-05-13,"CA_FOODS",11986.2232672021,"tbats"
2016-05-14,"CA_FOODS",13344.056190496,"tbats"
2016-05-15,"CA_FOODS",13582.1136385875,"tbats"
2016-05-16,"CA_FOODS",12543.2673765572,"tbats"
2016-05-17,"CA_FOODS",11033.8095296747,"tbats"
2016-05-18,"CA_FOODS",10194.2889641168,"tbats"
2016-05-19,"CA_FOODS",10638.4421277267,"tbats"
2016-05-20,"CA_FOODS",12009.4710128538,"tbats"
2016-05-21,"CA_FOODS",13262.8434388147,"tbats"
2016-05-22,"CA_FOODS",13459.313996867,"tbats"
2016-04-25,"CA_HOBBIES",2049.40705523432,"tbats"
2016-04-26,"CA_HOBBIES",1859.28594854099,"tbats"
2016-04-27,"CA_HOBBIES",1719.08199081801,"tbats"
2016-04-28,"CA_HOBBIES",1765.46686699312,"tbats"
2016-04-29,"CA_HOBBIES",1981.96008164458,"tbats"
2016-04-30,"CA_HOBBIES",2181.63941715249,"tbats"
2016-05-01,"CA_HOBBIES",2191.54716100593,"tbats"
2016-05-02,"CA_HOBBIES",2081.15107813177,"tbats"
2016-05-03,"CA_HOBBIES",1931.23788417649,"tbats"
2016-05-04,"CA_HOBBIES",1831.23571148848,"tbats"
2016-05-05,"CA_HOBBIES",1849.88633750286,"tbats"
2016-05-06,"CA_HOBBIES",1968.91639719335,"tbats"
2016-05-07,"CA_HOBBIES",2080.14592350949,"tbats"
2016-05-08,"CA_HOBBIES",2112.51876200477,"tbats"
2016-05-09,"CA_HOBBIES",2061.66571111826,"tbats"
2016-05-10,"CA_HOBBIES",1970.27862632696,"tbats"
2016-05-11,"CA_HOBBIES",1902.4456953827,"tbats"
2016-05-12,"CA_HOBBIES",1904.62951080043,"tbats"
2016-05-13,"CA_HOBBIES",1964.87995117712,"tbats"
2016-05-14,"CA_HOBBIES",2032.50547994095,"tbats"
2016-05-15,"CA_HOBBIES",2062.28706132248,"tbats"
2016-05-16,"CA_HOBBIES",2040.52704144003,"tbats"
2016-05-17,"CA_HOBBIES",1987.87547660957,"tbats"
2016-05-18,"CA_HOBBIES",1944.23118890394,"tbats"
2016-05-19,"CA_HOBBIES",1938.29161562139,"tbats"
2016-05-20,"CA_HOBBIES",1968.29738245899,"tbats"
2016-05-21,"CA_HOBBIES",2008.74330712083,"tbats"
2016-05-22,"CA_HOBBIES",2031.39630110373,"tbats"
2016-04-25,"CA_HOUSEHOLD",4728.18313631075,"arima"
2016-04-26,"CA_HOUSEHOLD",3860.81939102659,"arima"
2016-04-27,"CA_HOUSEHOLD",3501.22344656066,"arima"
2016-04-28,"CA_HOUSEHOLD",3457.76968302181,"arima"
2016-04-29,"CA_HOUSEHOLD",4254.28733646369,"arima"
2016-04-30,"CA_HOUSEHOLD",5454.28299682485,"arima"
2016-05-01,"CA_HOUSEHOLD",5601.75894345262,"arima"
2016-05-02,"CA_HOUSEHOLD",4846.50008279797,"arima"
2016-05-03,"CA_HOUSEHOLD",4067.57965838884,"arima"
2016-05-04,"CA_HOUSEHOLD",3554.07224786171,"arima"
2016-05-05,"CA_HOUSEHOLD",3553.05480762873,"arima"
2016-05-06,"CA_HOUSEHOLD",4339.92208435964,"arima"
2016-05-07,"CA_HOUSEHOLD",5228.80106843588,"arima"
2016-05-08,"CA_HOUSEHOLD",5390.15292022262,"arima"
2016-05-09,"CA_HOUSEHOLD",4883.70401445828,"arima"
2016-05-10,"CA_HOUSEHOLD",4181.58738465185,"arima"
2016-05-11,"CA_HOUSEHOLD",3644.64705057609,"arima"
2016-05-12,"CA_HOUSEHOLD",3681.90807256186,"arima"
2016-05-13,"CA_HOUSEHOLD",4347.18080569684,"arima"
2016-05-14,"CA_HOUSEHOLD",5056.98445733383,"arima"
2016-05-15,"CA_HOUSEHOLD",5245.60798072471,"arima"
2016-05-16,"CA_HOUSEHOLD",4882.71714991706,"arima"
2016-05-17,"CA_HOUSEHOLD",4250.36009991983,"arima"
2016-05-18,"CA_HOUSEHOLD",3758.18201101566,"arima"
2016-05-19,"CA_HOUSEHOLD",3792.54873250135,"arima"
2016-05-20,"CA_HOUSEHOLD",4335.74517467548,"arima"
2016-05-21,"CA_HOUSEHOLD",4926.93539902184,"arima"
2016-05-22,"CA_HOUSEHOLD",5133.56133359217,"arima"
2016-04-25,"TX_FOODS",7338.40943669186,"tbats"
2016-04-26,"TX_FOODS",6564.03318818733,"tbats"
2016-04-27,"TX_FOODS",6150.56414180335,"tbats"
2016-04-28,"TX_FOODS",6390.87607439808,"tbats"
2016-04-29,"TX_FOODS",7093.44760229971,"tbats"
2016-04-30,"TX_FOODS",7725.31693786907,"tbats"
2016-05-01,"TX_FOODS",7816.79377872811,"tbats"
2016-05-02,"TX_FOODS",7310.34520296636,"tbats"
2016-05-03,"TX_FOODS",6595.35579090608,"tbats"
2016-05-04,"TX_FOODS",6209.00055515085,"tbats"
2016-05-05,"TX_FOODS",6432.83819880783,"tbats"
2016-05-06,"TX_FOODS",7087.94177290554,"tbats"
2016-05-07,"TX_FOODS",7677.38730965202,"tbats"
2016-05-08,"TX_FOODS",7763.01146157274,"tbats"
2016-05-09,"TX_FOODS",7290.92299614528,"tbats"
2016-05-10,"TX_FOODS",6624.09558460412,"tbats"
2016-05-11,"TX_FOODS",6263.524742156,"tbats"
2016-05-12,"TX_FOODS",6471.98743192861,"tbats"
2016-05-13,"TX_FOODS",7082.83195865209,"tbats"
2016-05-14,"TX_FOODS",7632.70174495228,"tbats"
2016-05-15,"TX_FOODS",7712.84658273742,"tbats"
2016-05-16,"TX_FOODS",7272.78725096331,"tbats"
2016-05-17,"TX_FOODS",6650.87776037596,"tbats"
2016-05-18,"TX_FOODS",6314.37076744075,"tbats"
2016-05-19,"TX_FOODS",6508.51416679793,"tbats"
2016-05-20,"TX_FOODS",7078.08966663265,"tbats"
2016-05-21,"TX_FOODS",7591.04069373999,"tbats"
2016-05-22,"TX_FOODS",7666.05584117751,"tbats"
2016-04-25,"TX_HOBBIES",1124.04588099985,"arimah"
2016-04-26,"TX_HOBBIES",1039.16652983786,"arimah"
2016-04-27,"TX_HOBBIES",961.062266265722,"arimah"
2016-04-28,"TX_HOBBIES",978.306838194986,"arimah"
2016-04-29,"TX_HOBBIES",1075.63193375868,"arimah"
2016-04-30,"TX_HOBBIES",1163.83873990737,"arimah"
2016-05-01,"TX_HOBBIES",1172.04551975702,"arimah"
2016-05-02,"TX_HOBBIES",1124.98397027436,"arimah"
2016-05-03,"TX_HOBBIES",1050.79681676133,"arimah"
2016-05-04,"TX_HOBBIES",1001.96467742885,"arimah"
2016-05-05,"TX_HOBBIES",1013.58510396767,"arimah"
2016-05-06,"TX_HOBBIES",1070.21298043336,"arimah"
2016-05-07,"TX_HOBBIES",1121.62991845734,"arimah"
2016-05-08,"TX_HOBBIES",1136.98083513516,"arimah"
2016-05-09,"TX_HOBBIES",1110.71703912374,"arimah"
2016-05-10,"TX_HOBBIES",1060.3144112879,"arimah"
2016-05-11,"TX_HOBBIES",1029.86966360369,"arimah"
2016-05-12,"TX_HOBBIES",1034.43738375891,"arimah"
2016-05-13,"TX_HOBBIES",1064.91551882412,"arimah"
2016-05-14,"TX_HOBBIES",1096.96459901739,"arimah"
2016-05-15,"TX_HOBBIES",1118.01326478535,"arimah"
2016-05-16,"TX_HOBBIES",1103.88688204971,"arimah"
2016-05-17,"TX_HOBBIES",1077.08771655456,"arimah"
2016-05-18,"TX_HOBBIES",1058.10268449773,"arimah"
2016-05-19,"TX_HOBBIES",1058.79151359394,"arimah"
2016-05-20,"TX_HOBBIES",1077.92967764711,"arimah"
2016-05-21,"TX_HOBBIES",1097.48815466184,"arimah"
2016-05-22,"TX_HOBBIES",1105.69878865125,"arimah"
2016-04-25,"TX_HOUSEHOLD",2872.1740131106,"tbats"
2016-04-26,"TX_HOUSEHOLD",2540.36135701662,"tbats"
2016-04-27,"TX_HOUSEHOLD",2426.60447048613,"tbats"
2016-04-28,"TX_HOUSEHOLD",2459.43787582365,"tbats"
2016-04-29,"TX_HOUSEHOLD",2730.49282926015,"tbats"
2016-04-30,"TX_HOUSEHOLD",3035.13453903055,"tbats"
2016-05-01,"TX_HOUSEHOLD",3068.64721624336,"tbats"
2016-05-02,"TX_HOUSEHOLD",2846.85580076298,"tbats"
2016-05-03,"TX_HOUSEHOLD",2590.18276734177,"tbats"
2016-05-04,"TX_HOUSEHOLD",2433.12644622756,"tbats"
2016-05-05,"TX_HOUSEHOLD",2473.37114924481,"tbats"
2016-05-06,"TX_HOUSEHOLD",2701.31747029386,"tbats"
2016-05-07,"TX_HOUSEHOLD",2930.56721703572,"tbats"
2016-05-08,"TX_HOUSEHOLD",2978.54684437835,"tbats"
2016-05-09,"TX_HOUSEHOLD",2841.10218578246,"tbats"
2016-05-10,"TX_HOUSEHOLD",2631.78886328747,"tbats"
2016-05-11,"TX_HOUSEHOLD",2492.41154032339,"tbats"
2016-05-12,"TX_HOUSEHOLD",2524.08854682038,"tbats"
2016-05-13,"TX_HOUSEHOLD",2702.84896177885,"tbats"
2016-05-14,"TX_HOUSEHOLD",2887.59050596267,"tbats"
2016-05-15,"TX_HOUSEHOLD",2948.01927001186,"tbats"
2016-05-16,"TX_HOUSEHOLD",2857.71757514086,"tbats"
2016-05-17,"TX_HOUSEHOLD",2692.6163247536,"tbats"
2016-05-18,"TX_HOUSEHOLD",2576.16659682954,"tbats"
2016-05-19,"TX_HOUSEHOLD",2594.89044056236,"tbats"
2016-05-20,"TX_HOUSEHOLD",2731.35450166757,"tbats"
2016-05-21,"TX_HOUSEHOLD",2882.68135179249,"tbats"
2016-05-22,"TX_HOUSEHOLD",2944.73601096062,"tbats"
2016-04-25,"WI_FOODS",9944.34882397792,"holtw"
2016-04-26,"WI_FOODS",8341.13861206654,"holtw"
2016-04-27,"WI_FOODS",7531.97853172375,"holtw"
2016-04-28,"WI_FOODS",7395.38032600448,"holtw"
2016-04-29,"WI_FOODS",7978.48783597392,"holtw"
2016-04-30,"WI_FOODS",9207.66391158373,"holtw"
2016-05-01,"WI_FOODS",11879.3364645026,"holtw"
2016-05-02,"WI_FOODS",12624.2046680724,"holtw"
2016-05-03,"WI_FOODS",9329.50057143926,"holtw"
2016-05-04,"WI_FOODS",9898.64314514547,"holtw"
2016-05-05,"WI_FOODS",10092.2442155251,"holtw"
2016-05-06,"WI_FOODS",8406.34383938245,"holtw"
2016-05-07,"WI_FOODS",10575.3123655393,"holtw"
2016-05-08,"WI_FOODS",12374.5115820236,"holtw"
2016-05-09,"WI_FOODS",9428.48197794076,"holtw"
2016-05-10,"WI_FOODS",9929.42140467051,"holtw"
2016-05-11,"WI_FOODS",10931.9606755881,"holtw"
2016-05-12,"WI_FOODS",9168.44031925672,"holtw"
2016-05-13,"WI_FOODS",10126.0940687459,"holtw"
2016-05-14,"WI_FOODS",10948.8668601387,"holtw"
2016-05-15,"WI_FOODS",11075.1074195058,"holtw"
2016-05-16,"WI_FOODS",11389.1228505067,"holtw"
2016-05-17,"WI_FOODS",9384.67258799367,"holtw"
2016-05-18,"WI_FOODS",8886.19217290663,"holtw"
2016-05-19,"WI_FOODS",8901.1854327494,"holtw"
2016-05-20,"WI_FOODS",8821.60048976406,"holtw"
2016-05-21,"WI_FOODS",9651.47839641277,"holtw"
2016-05-22,"WI_FOODS",9981.13344620752,"holtw"
2016-04-25,"WI_HOBBIES",938.929350630284,"arimah"
2016-04-26,"WI_HOBBIES",888.228701943349,"arimah"
2016-04-27,"WI_HOBBIES",868.035815170357,"arimah"
2016-04-28,"WI_HOBBIES",893.700363888961,"arimah"
2016-04-29,"WI_HOBBIES",998.494470947802,"arimah"
2016-04-30,"WI_HOBBIES",1065.39667645889,"arimah"
2016-05-01,"WI_HOBBIES",1040.17470968292,"arimah"
2016-05-02,"WI_HOBBIES",991.931059016002,"arimah"
2016-05-03,"WI_HOBBIES",949.212506491334,"arimah"
2016-05-04,"WI_HOBBIES",925.151935537854,"arimah"
2016-05-05,"WI_HOBBIES",951.049427749019,"arimah"
2016-05-06,"WI_HOBBIES",996.416683278402,"arimah"
2016-05-07,"WI_HOBBIES",1023.68245253525,"arimah"
2016-05-08,"WI_HOBBIES",1021.18198595998,"arimah"
2016-05-09,"WI_HOBBIES",999.13275074724,"arimah"
2016-05-10,"WI_HOBBIES",940.67998655519,"arimah"
2016-05-11,"WI_HOBBIES",926.463377966423,"arimah"
2016-05-12,"WI_HOBBIES",935.672666320681,"arimah"
2016-05-13,"WI_HOBBIES",957.195310180065,"arimah"
2016-05-14,"WI_HOBBIES",973.957529677715,"arimah"
2016-05-15,"WI_HOBBIES",995.038137124193,"arimah"
2016-05-16,"WI_HOBBIES",984.623534799907,"arimah"
2016-05-17,"WI_HOBBIES",969.124294500639,"arimah"
2016-05-18,"WI_HOBBIES",960.107190584308,"arimah"
2016-05-19,"WI_HOBBIES",962.750547141056,"arimah"
2016-05-20,"WI_HOBBIES",980.979548308264,"arimah"
2016-05-21,"WI_HOBBIES",991.01647598406,"arimah"
2016-05-22,"WI_HOBBIES",994.499232201463,"arimah"
2016-04-25,"WI_HOUSEHOLD",2634.74813505504,"arimah"
2016-04-26,"WI_HOUSEHOLD",2342.47517703227,"arimah"
2016-04-27,"WI_HOUSEHOLD",2267.92038362089,"arimah"
2016-04-28,"WI_HOUSEHOLD",2441.16196800549,"arimah"
2016-04-29,"WI_HOUSEHOLD",2845.17137314485,"arimah"
2016-04-30,"WI_HOUSEHOLD",3105.14568824485,"arimah"
2016-05-01,"WI_HOUSEHOLD",3014.30202807235,"arimah"
2016-05-02,"WI_HOUSEHOLD",2749.62024428244,"arimah"
2016-05-03,"WI_HOUSEHOLD",2505.71524896938,"arimah"
2016-05-04,"WI_HOUSEHOLD",2402.92324743649,"arimah"
2016-05-05,"WI_HOUSEHOLD",2552.02794057515,"arimah"
2016-05-06,"WI_HOUSEHOLD",2798.18061988153,"arimah"
2016-05-07,"WI_HOUSEHOLD",2964.4360967016,"arimah"
2016-05-08,"WI_HOUSEHOLD",2950.88058034923,"arimah"
2016-05-09,"WI_HOUSEHOLD",2802.62583461419,"arimah"
2016-05-10,"WI_HOUSEHOLD",2588.24698054634,"arimah"
2016-05-11,"WI_HOUSEHOLD",2503.81283095722,"arimah"
2016-05-12,"WI_HOUSEHOLD",2565.74110659696,"arimah"
2016-05-13,"WI_HOUSEHOLD",2712.58418027667,"arimah"
2016-05-14,"WI_HOUSEHOLD",2829.48830691857,"arimah"
2016-05-15,"WI_HOUSEHOLD",2816.8885778777,"arimah"
2016-05-16,"WI_HOUSEHOLD",2732.73300434316,"arimah"
2016-05-17,"WI_HOUSEHOLD",2616.02212097089,"arimah"
2016-05-18,"WI_HOUSEHOLD",2550.83474206255,"arimah"
2016-05-19,"WI_HOUSEHOLD",2576.88954625391,"arimah"
2016-05-20,"WI_HOUSEHOLD",2723.46719098633,"arimah"
2016-05-21,"WI_HOUSEHOLD",2804.90342503527,"arimah"
2016-05-22,"WI_HOUSEHOLD",2826.7726000351,"arimah"
2016-04-25,"avg_price_price",3.34001748330055,"prophet"
2016-04-26,"avg_price_price",5.78425355101355,"prophet"
2016-04-27,"avg_price_price",5.2442553862191,"prophet"
2016-04-28,"avg_price_price",3.3536783103089,"prophet"
2016-04-29,"avg_price_price",5.79558162118543,"prophet"
2016-04-30,"avg_price_price",5.24628554520246,"prophet"
2016-05-01,"avg_price_price",3.34835287995335,"prophet"
2016-05-02,"avg_price_price",5.78655644386934,"prophet"
2016-05-03,"avg_price_price",5.23543858314406,"prophet"
2016-05-04,"avg_price_price",3.33332073678592,"prophet"
2016-05-05,"avg_price_price",5.77851212526438,"prophet"
2016-05-06,"avg_price_price",5.35738513918174,"prophet"
2016-05-07,"avg_price_price",3.32529280285275,"prophet"
2016-05-08,"avg_price_price",5.6774115501995,"prophet"
2016-05-09,"avg_price_price",5.36496939282134,"prophet"
2016-05-10,"avg_price_price",3.33559021921294,"prophet"
2016-05-11,"avg_price_price",5.68478861606563,"prophet"
2016-05-12,"avg_price_price",5.36642920189114,"prophet"
2016-05-13,"avg_price_price",3.33187319817238,"prophet"
2016-05-14,"avg_price_price",5.6776687538364,"prophet"
2016-05-15,"avg_price_price",5.35710993762725,"prophet"
2016-05-16,"avg_price_price",3.32105680767004,"prophet"
2016-05-17,"avg_price_price",5.6706766680013,"prophet"
2016-05-18,"avg_price_price",5.3179058799221,"prophet"
2016-05-19,"avg_price_price",3.32855917620107,"prophet"
2016-05-20,"avg_price_price",5.71408942896744,"prophet"
2016-05-21,"avg_price_price",5.32542247261873,"prophet"
2016-05-22,"avg_price_price",3.34003322924435,"prophet"
